mae,mape,rmse
0.225698275,0.077726175,0.688448657
0.464262911,0.104777292,2.955187095
0.311062486,0.105092964,1.089110614
0.36464722,0.084937265,2.442917669
0.381051397,0.137430182,2.077682867
