mae,mape,rmse
0.068173741,0.048473775,0.132987103
0.068612005,0.046993299,0.13502801
0.061515445,0.04010251,0.110869944
0.075696009,0.05415648,0.137347239
0.069103368,0.047773665,0.128590613
