,mae,mape,max_error,rmse
0,53.224194433218166,17.525511435170365,969.2470391511578,117.9488392632246
1,66.13555291944688,0.5807532683321592,854.954078718811,142.65916028886951
2,77.96161438483462,0.8287230805988882,1046.4424260366486,198.4836770168164
3,39.90239041113518,0.38317550464918015,311.1034522048791,75.8252963906907
4,56.31315783754055,0.6559620185991243,1551.6246070109103,180.05643438771273
